{
  "hash": "72f776a6",
  "configHash": "cb0ffe45",
  "lockfileHash": "1ea9a09d",
  "browserHash": "4e01bd1d",
  "optimized": {
    "@angular/common": {
      "src": "../../../../../../node_modules/@angular/common/fesm2022/common.mjs",
      "file": "@angular_common.js",
      "fileHash": "80dcb320",
      "needsInterop": false
    },
    "@angular/common/http": {
      "src": "../../../../../../node_modules/@angular/common/fesm2022/http.mjs",
      "file": "@angular_common_http.js",
      "fileHash": "07f2fa08",
      "needsInterop": false
    },
    "@angular/core": {
      "src": "../../../../../../node_modules/@angular/core/fesm2022/core.mjs",
      "file": "@angular_core.js",
      "fileHash": "08f43bc6",
      "needsInterop": false
    },
    "@angular/forms": {
      "src": "../../../../../../node_modules/@angular/forms/fesm2022/forms.mjs",
      "file": "@angular_forms.js",
      "fileHash": "326bc874",
      "needsInterop": false
    },
    "@angular/platform-browser": {
      "src": "../../../../../../node_modules/@angular/platform-browser/fesm2022/platform-browser.mjs",
      "file": "@angular_platform-browser.js",
      "fileHash": "e1709825",
      "needsInterop": false
    },
    "@angular/platform-server": {
      "src": "../../../../../../node_modules/@angular/platform-server/fesm2022/platform-server.mjs",
      "file": "@angular_platform-server.js",
      "fileHash": "3cddb447",
      "needsInterop": false
    },
    "@angular/router": {
      "src": "../../../../../../node_modules/@angular/router/fesm2022/router.mjs",
      "file": "@angular_router.js",
      "fileHash": "1322a1e6",
      "needsInterop": false
    },
    "@angular/ssr": {
      "src": "../../../../../../node_modules/@angular/ssr/fesm2022/ssr.mjs",
      "file": "@angular_ssr.js",
      "fileHash": "d3a3f238",
      "needsInterop": false
    },
    "@angular/ssr/node": {
      "src": "../../../../../../node_modules/@angular/ssr/fesm2022/node.mjs",
      "file": "@angular_ssr_node.js",
      "fileHash": "878004ec",
      "needsInterop": false
    },
    "express": {
      "src": "../../../../../../node_modules/express/index.js",
      "file": "express.js",
      "fileHash": "8d795214",
      "needsInterop": true
    },
    "@angular/platform-browser/animations/async": {
      "src": "../../../../../../node_modules/@angular/platform-browser/fesm2022/animations/async.mjs",
      "file": "@angular_platform-browser_animations_async.js",
      "fileHash": "6c73e7bc",
      "needsInterop": false
    }
  },
  "chunks": {
    "browser-2MEJMWXA": {
      "file": "browser-2MEJMWXA.js"
    },
    "xhr2-TXIMV6CV": {
      "file": "xhr2-TXIMV6CV.js"
    },
    "chunk-4IONDPKR": {
      "file": "chunk-4IONDPKR.js"
    },
    "chunk-D4G4KT4E": {
      "file": "chunk-D4G4KT4E.js"
    },
    "chunk-LEIC3OE7": {
      "file": "chunk-LEIC3OE7.js"
    },
    "chunk-VX7MQG52": {
      "file": "chunk-VX7MQG52.js"
    },
    "chunk-EWPBAGPD": {
      "file": "chunk-EWPBAGPD.js"
    },
    "chunk-ZVNAIUVZ": {
      "file": "chunk-ZVNAIUVZ.js"
    },
    "chunk-MRDIM7HM": {
      "file": "chunk-MRDIM7HM.js"
    },
    "chunk-PWPZWS66": {
      "file": "chunk-PWPZWS66.js"
    },
    "chunk-YHCV7DAQ": {
      "file": "chunk-YHCV7DAQ.js"
    }
  }
}