{
  "hash": "7333175b",
  "configHash": "56ece6a0",
  "lockfileHash": "1ea9a09d",
  "browserHash": "cb490646",
  "optimized": {
    "@angular/common": {
      "src": "../../../../../../node_modules/@angular/common/fesm2022/common.mjs",
      "file": "@angular_common.js",
      "fileHash": "6c9a8648",
      "needsInterop": false
    },
    "@angular/common/http": {
      "src": "../../../../../../node_modules/@angular/common/fesm2022/http.mjs",
      "file": "@angular_common_http.js",
      "fileHash": "5e3dd34f",
      "needsInterop": false
    },
    "@angular/core": {
      "src": "../../../../../../node_modules/@angular/core/fesm2022/core.mjs",
      "file": "@angular_core.js",
      "fileHash": "7470fcd4",
      "needsInterop": false
    },
    "@angular/forms": {
      "src": "../../../../../../node_modules/@angular/forms/fesm2022/forms.mjs",
      "file": "@angular_forms.js",
      "fileHash": "30fdb4a9",
      "needsInterop": false
    },
    "@angular/platform-browser": {
      "src": "../../../../../../node_modules/@angular/platform-browser/fesm2022/platform-browser.mjs",
      "file": "@angular_platform-browser.js",
      "fileHash": "d7c18c55",
      "needsInterop": false
    },
    "@angular/platform-browser/animations/async": {
      "src": "../../../../../../node_modules/@angular/platform-browser/fesm2022/animations/async.mjs",
      "file": "@angular_platform-browser_animations_async.js",
      "fileHash": "34d0cdcc",
      "needsInterop": false
    },
    "@angular/router": {
      "src": "../../../../../../node_modules/@angular/router/fesm2022/router.mjs",
      "file": "@angular_router.js",
      "fileHash": "89dbb151",
      "needsInterop": false
    }
  },
  "chunks": {
    "chunk-5J6IIMYC": {
      "file": "chunk-5J6IIMYC.js"
    },
    "chunk-OXKQB3TE": {
      "file": "chunk-OXKQB3TE.js"
    },
    "browser-I6UHJVR6": {
      "file": "browser-I6UHJVR6.js"
    },
    "chunk-KSXU6XDB": {
      "file": "chunk-KSXU6XDB.js"
    },
    "chunk-QUW5EQHX": {
      "file": "chunk-QUW5EQHX.js"
    }
  }
}